{
  "model_type": "RandomForest",
  "training_date": "2026-06-08T06:55:02.515047+00:00",
  "sample_count": 2700,
  "class_count": 10,
  "class_names": [
    "Business Analyst",
    "Cybersecurity Analyst",
    "Data Analyst",
    "Data Scientist",
    "Financial Analyst",
    "Market Research Analyst",
    "Project Manager",
    "Software Developer",
    "Systems Analyst",
    "UI Designer"
  ],
  "cv_accuracy": 0.907,
  "cv_accuracy_std": 0.01,
  "cv_f1_macro": 0.9072,
  "cv_f1_macro_std": 0.0101,
  "train_accuracy": 0.9904,
  "confusion_matrix": [
    [
      276,
      0,
      0,
      0,
      0,
      0,
      1,
      0,
      0,
      0
    ],
    [
      0,
      287,
      0,
      0,
      0,
      0,
      0,
      2,
      0,
      0
    ],
    [
      0,
      0,
      253,
      0,
      0,
      0,
      0,
      0,
      0,
      2
    ],
    [
      0,
      0,
      0,
      266,
      0,
      1,
      1,
      0,
      0,
      0
    ],
    [
      1,
      1,
      0,
      0,
      253,
      0,
      0,
      1,
      0,
      1
    ],
    [
      1,
      1,
      0,
      0,
      1,
      254,
      0,
      0,
      0,
      0
    ],
    [
      0,
      1,
      0,
      1,
      0,
      0,
      285,
      0,
      0,
      1
    ],
    [
      0,
      0,
      1,
      0,
      0,
      0,
      0,
      271,
      0,
      0
    ],
    [
      0,
      0,
      0,
      1,
      1,
      0,
      0,
      0,
      252,
      0
    ],
    [
      0,
      1,
      1,
      0,
      1,
      1,
      0,
      2,
      0,
      277
    ]
  ],
  "classification_report": {
    "Business Analyst": {
      "precision": 0.9928057553956835,
      "recall": 0.9963898916967509,
      "f1-score": 0.9945945945945946,
      "support": 277.0
    },
    "Cybersecurity Analyst": {
      "precision": 0.9862542955326461,
      "recall": 0.9930795847750865,
      "f1-score": 0.9896551724137931,
      "support": 289.0
    },
    "Data Analyst": {
      "precision": 0.9921568627450981,
      "recall": 0.9921568627450981,
      "f1-score": 0.9921568627450981,
      "support": 255.0
    },
    "Data Scientist": {
      "precision": 0.9925373134328358,
      "recall": 0.9925373134328358,
      "f1-score": 0.9925373134328358,
      "support": 268.0
    },
    "Financial Analyst": {
      "precision": 0.98828125,
      "recall": 0.9844357976653697,
      "f1-score": 0.98635477582846,
      "support": 257.0
    },
    "Market Research Analyst": {
      "precision": 0.9921875,
      "recall": 0.9883268482490273,
      "f1-score": 0.9902534113060428,
      "support": 257.0
    },
    "Project Manager": {
      "precision": 0.9930313588850174,
      "recall": 0.9895833333333334,
      "f1-score": 0.991304347826087,
      "support": 288.0
    },
    "Software Developer": {
      "precision": 0.9818840579710145,
      "recall": 0.9963235294117647,
      "f1-score": 0.9890510948905109,
      "support": 272.0
    },
    "Systems Analyst": {
      "precision": 1.0,
      "recall": 0.9921259842519685,
      "f1-score": 0.9960474308300395,
      "support": 254.0
    },
    "UI Designer": {
      "precision": 0.9857651245551602,
      "recall": 0.9787985865724381,
      "f1-score": 0.9822695035460993,
      "support": 283.0
    },
    "accuracy": 0.9903703703703703,
    "macro avg": {
      "precision": 0.9904903518517456,
      "recall": 0.9903757732133673,
      "f1-score": 0.9904224507413562,
      "support": 2700.0
    },
    "weighted avg": {
      "precision": 0.9903896962146853,
      "recall": 0.9903703703703703,
      "f1-score": 0.9903693402008757,
      "support": 2700.0
    }
  },
  "comparison": {
    "RandomForest": {
      "cv_accuracy": 0.907,
      "cv_f1_macro": 0.9072
    },
    "GradientBoosting": {
      "cv_accuracy": 0.9044,
      "cv_f1_macro": 0.9047
    }
  },
  "feature_names": [
    "hs_accounting",
    "hs_budget_tracking",
    "hs_budgeting",
    "hs_business_understanding",
    "hs_data_analysis",
    "hs_data_cleaning",
    "hs_data_structures",
    "hs_data_visualization",
    "hs_database",
    "hs_design_systems",
    "hs_documentation",
    "hs_figma",
    "hs_financial_analysis",
    "hs_git",
    "hs_layout_design",
    "hs_linux",
    "hs_log_analysis",
    "hs_machine_learning",
    "hs_market_analysis",
    "hs_marketing_understanding",
    "hs_model_evaluation",
    "hs_networking",
    "hs_operating_systems",
    "hs_presentation",
    "hs_process_modeling",
    "hs_programming",
    "hs_project_planning",
    "hs_project_tools",
    "hs_python",
    "hs_report_writing",
    "hs_reporting",
    "hs_requirements_analysis",
    "hs_research_methodology",
    "hs_risk_analysis",
    "hs_risk_management",
    "hs_security_documentation",
    "hs_security_fundamentals",
    "hs_software_design",
    "hs_software_testing",
    "hs_spreadsheet",
    "hs_sql",
    "hs_stakeholder_analysis",
    "hs_stakeholder_communication",
    "hs_statistics",
    "hs_survey_design",
    "hs_systems_analysis",
    "hs_team_coordination",
    "hs_troubleshooting",
    "hs_ui_implementation_awareness",
    "hs_user_empathy",
    "hs_visual_design",
    "ss_adaptability",
    "ss_attention_to_detail",
    "ss_cautiousness",
    "ss_communication",
    "ss_cooperation",
    "ss_critical_thinking",
    "ss_curiosity",
    "ss_dependability",
    "ss_innovation",
    "ss_integrity",
    "ss_intellectual_curiosity",
    "ss_leadership",
    "ss_originality",
    "ss_perseverance",
    "ss_stress_tolerance",
    "ss_tolerance_for_ambiguity",
    "int_accounting",
    "int_applied_arts_and_design",
    "int_artistic",
    "int_business_initiatives",
    "int_conventional",
    "int_engineering",
    "int_enterprising",
    "int_finance",
    "int_information_technology",
    "int_investigative",
    "int_management_administration",
    "int_marketing_advertising",
    "int_mathematics_statistics",
    "int_media",
    "int_visual_arts"
  ]
}